country,analysis_year,source,HH7_region
Algeria,2018,GADM,HAUT_PLATEAU_CENTRE
Algeria,2018,GADM,HAUT_PLATEAU_EST
Algeria,2018,GADM,HAUT_PLATEAU_OUEST
Algeria,2018,GADM,NORD_CENTRE
Algeria,2018,GADM,NORD_EST
Algeria,2018,GADM,NORD_OUEST
Algeria,2018,GADM,SUD
Azerbaijan,2023,GADM,ABSHERON_KHIZI
Azerbaijan,2023,GADM,BAKU
Azerbaijan,2023,GADM,CENTRAL_ARAN
Azerbaijan,2023,GADM,DAGHLIG_SHIRVAN
Azerbaijan,2023,GADM,GANJA_DASHKASAN
Azerbaijan,2023,GADM,GAZAKH_TOVUZ
Azerbaijan,2023,GADM,GUBA_KHACHMAZ
Azerbaijan,2023,GADM,KARABAKH
Azerbaijan,2023,GADM,LANKARAN_ASTARA
Azerbaijan,2023,GADM,MIL_MUGHAN
Azerbaijan,2023,GADM,NAKHCHIVAN_AR
Azerbaijan,2023,GADM,SHAKI_ZAGATALA
Azerbaijan,2023,GADM,SHIRVAN_SALYAN
Bangladesh,2019,GADM,Barishal
Bangladesh,2019,GADM,Chattogram
Bangladesh,2019,GADM,Dhaka
Bangladesh,2019,GADM,Khulna
Bangladesh,2019,GADM,Mymenshing
Bangladesh,2019,GADM,Rajshahi
Bangladesh,2019,GADM,Rangpur
Bangladesh,2019,GADM,Sylhet
Benin,2021,GADM,Alibori
Benin,2021,GADM,Atakora
Benin,2021,GADM,Atlantique
Benin,2021,GADM,Borgou
Benin,2021,GADM,Collines
Benin,2021,GADM,Donga
Benin,2021,GADM,Kouffo
Benin,2021,GADM,Littoral
Benin,2021,GADM,Mono
Benin,2021,GADM,Ouémé
Benin,2021,GADM,Plateau
Benin,2021,GADM,Zou
Central African Republic,2018,GADM,REGION_1
Central African Republic,2018,GADM,REGION_2
Central African Republic,2018,GADM,REGION_3
Central African Republic,2018,GADM,REGION_4
Central African Republic,2018,GADM,REGION_5
Central African Republic,2018,GADM,REGION_6
Central African Republic,2018,GADM,REGION_7
Chad,2019,GADM,Barh el Ghazel
Chad,2019,GADM,Batha
Chad,2019,GADM,Borkou
Chad,2019,GADM,Chari-Baguirmi
Chad,2019,GADM,Ennedi Est
Chad,2019,GADM,Ennedi Ouest
Chad,2019,GADM,Guéra
Chad,2019,GADM,Hadjer-Lamis
Chad,2019,GADM,Kanem
Chad,2019,GADM,Lac
Chad,2019,GADM,Logone Occidental
Chad,2019,GADM,Logone Oriental
Chad,2019,GADM,Mandoul
Chad,2019,GADM,Mayo-Kebbi Est
Chad,2019,GADM,Mayo-Kebbi Ouest
Chad,2019,GADM,Moyen-Chari
Chad,2019,GADM,Ouaddaï
Chad,2019,GADM,Salamat
Chad,2019,GADM,Sila
Chad,2019,GADM,Tandjilé
Chad,2019,GADM,Tibesti
Chad,2019,GADM,Ville de N'Djamena
Chad,2019,GADM,Wadi Fira
Cote d'Ivoire,2021,DHS,Abidjan
Cote d'Ivoire,2021,DHS,Bas-Sassandra
Cote d'Ivoire,2021,DHS,Comoe
Cote d'Ivoire,2021,DHS,Denguele
Cote d'Ivoire,2021,DHS,Goh-Djiboua
Cote d'Ivoire,2021,DHS,Lacs
Cote d'Ivoire,2021,DHS,Lagunes
Cote d'Ivoire,2021,DHS,Montagnes
Cote d'Ivoire,2021,DHS,Sassandra-Marahoue
Cote d'Ivoire,2021,DHS,Savanes
Cote d'Ivoire,2021,DHS,Vallee du Bandama
Cote d'Ivoire,2021,DHS,Woroba
Cote d'Ivoire,2021,DHS,Yamoussoukro
Cote d'Ivoire,2021,DHS,Zanzan
Democratic Republic of the Congo,2017,GADM,Bas-Uélé
Democratic Republic of the Congo,2017,GADM,Équateur
Democratic Republic of the Congo,2017,GADM,Haut-Katanga
Democratic Republic of the Congo,2017,GADM,Haut-Lomami
Democratic Republic of the Congo,2017,GADM,Haut-Uélé
Democratic Republic of the Congo,2017,GADM,Ituri
Democratic Republic of the Congo,2017,GADM,Kasaï
Democratic Republic of the Congo,2017,GADM,Kasaï-Central
Democratic Republic of the Congo,2017,GADM,Kasaï-Oriental
Democratic Republic of the Congo,2017,GADM,Kinshasa
Democratic Republic of the Congo,2017,GADM,Kongo-Central
Democratic Republic of the Congo,2017,GADM,Kwango
Democratic Republic of the Congo,2017,GADM,Kwilu
Democratic Republic of the Congo,2017,GADM,Lomami
Democratic Republic of the Congo,2017,GADM,Lualaba
Democratic Republic of the Congo,2017,GADM,Maï-Ndombe
Democratic Republic of the Congo,2017,GADM,Maniema
Democratic Republic of the Congo,2017,GADM,Mongala
Democratic Republic of the Congo,2017,GADM,Nord-Kivu
Democratic Republic of the Congo,2017,GADM,Nord-Ubangi
Democratic Republic of the Congo,2017,GADM,Sankuru
Democratic Republic of the Congo,2017,GADM,Sud-Kivu
Democratic Republic of the Congo,2017,GADM,Sud-Ubangi
Democratic Republic of the Congo,2017,GADM,Tanganyika
Democratic Republic of the Congo,2017,GADM,Tshopo
Democratic Republic of the Congo,2017,GADM,Tshuapa
Dominican Republic,2019,GADM,CIBAO_NORDESTE
Dominican Republic,2019,GADM,CIBAO_NOROESTE
Dominican Republic,2019,GADM,CIBAO_NORTE
Dominican Republic,2019,GADM,CIBAO_SUR
Dominican Republic,2019,GADM,EL_VALLE
Dominican Republic,2019,GADM,ENRIQUILLO
Dominican Republic,2019,GADM,HIGUAMO
Dominican Republic,2019,GADM,OZAMA
Dominican Republic,2019,GADM,VALDESIA
Dominican Republic,2019,GADM,YUMA
Eswatini,2021,MICS,Hhohho
Eswatini,2021,MICS,Lubombo
Eswatini,2021,MICS,Manzini
Eswatini,2021,MICS,Shiselweni
Gambia,2018,MICS,Banjul
Gambia,2018,MICS,Basse
Gambia,2018,MICS,Brikama
Gambia,2018,MICS,Janjanbureh
Gambia,2018,MICS,Kanifing
Gambia,2018,MICS,Kerewan
Gambia,2018,MICS,Kuntaur
Gambia,2018,MICS,Mansakonko
Georgia,2018,MICS,Adjara A.R.
Georgia,2018,MICS,Guria
Georgia,2018,MICS,"Imereti, Racha-Lechkhumi and Kvemo Svaneti"
Georgia,2018,MICS,Kakheti
Georgia,2018,MICS,Kvemo Kartli
Georgia,2018,MICS,Mtkheta-Mtianeti
Georgia,2018,MICS,Not surveyed
Georgia,2018,MICS,Samegrelo-Zemo Svaneti
Georgia,2018,MICS,Samtskhe-Javakheti
Georgia,2018,MICS,Shida Kartli
Georgia,2018,MICS,Tbilisi
Ghana,2017,MICS,Ashanti
Ghana,2017,MICS,Brong Ahafo
Ghana,2017,MICS,Central
Ghana,2017,MICS,Eastern
Ghana,2017,MICS,Greater Accra
Ghana,2017,MICS,Northern
Ghana,2017,MICS,Upper East
Ghana,2017,MICS,Upper West
Ghana,2017,MICS,Volta
Ghana,2017,MICS,Western
Guinea-Bissau,2018,GADM,Bafatá
Guinea-Bissau,2018,GADM,Biombo
Guinea-Bissau,2018,GADM,Bissau
Guinea-Bissau,2018,GADM,Bolama
Guinea-Bissau,2018,GADM,Cacheu
Guinea-Bissau,2018,GADM,Gabú
Guinea-Bissau,2018,GADM,Oio
Guinea-Bissau,2018,GADM,Quinara
Guinea-Bissau,2018,GADM,Tombali
Guyana,2019,GADM,Barima-Waini
Guyana,2019,GADM,Cuyuni-Mazaruni
Guyana,2019,GADM,Demerara-Mahaica
Guyana,2019,GADM,East Berbice-Corentyne
Guyana,2019,GADM,Essequibo Islands-West Demerara
Guyana,2019,GADM,Mahaica-Berbice
Guyana,2019,GADM,Pomeroon-Supenaam
Guyana,2019,GADM,Potaro-Siparuni
Guyana,2019,GADM,Upper Demerara-Berbice
Guyana,2019,GADM,Upper Takutu-Upper Essequibo
Honduras,2019,MICS,Atlántida
Honduras,2019,MICS,Choluteca
Honduras,2019,MICS,Colón
Honduras,2019,MICS,Comayagua
Honduras,2019,MICS,Copán
Honduras,2019,MICS,Distrito Central
Honduras,2019,MICS,El Paraíso
Honduras,2019,MICS,Gracias A Dios
Honduras,2019,MICS,Intibucá
Honduras,2019,MICS,Islas De La Bahía
Honduras,2019,MICS,La Paz
Honduras,2019,MICS,Lempira
Honduras,2019,MICS,Ocotepeque
Honduras,2019,MICS,Olancho
Honduras,2019,MICS,Resto Cortés
Honduras,2019,MICS,Resto Francisco Morazán
Honduras,2019,MICS,San Pedro Sula
Honduras,2019,MICS,Santa Bárbara
Honduras,2019,MICS,Valle
Honduras,2019,MICS,Yoro
Iraq,2018,GADM,Al-Anbar
Iraq,2018,GADM,Al-Basrah
Iraq,2018,GADM,Al-Muthannia
Iraq,2018,GADM,Al-Qadisiyah
Iraq,2018,GADM,An-Najaf
Iraq,2018,GADM,Arbil
Iraq,2018,GADM,As-Sulaymaniyah
Iraq,2018,GADM,At-Ta'mim
Iraq,2018,GADM,Babil
Iraq,2018,GADM,Baghdad
Iraq,2018,GADM,Dhi-Qar
Iraq,2018,GADM,Dihok
Iraq,2018,GADM,Diyala
Iraq,2018,GADM,Karbala'
Iraq,2018,GADM,Maysan
Iraq,2018,GADM,Ninawa
Iraq,2018,GADM,Sala ad-Din
Iraq,2018,GADM,Wasit
Kiribati,2018,GADM,CENTRAL_GILBERT
Kiribati,2018,GADM,LINE_AND_PHOENIX
Kiribati,2018,GADM,NORTHERN_GILBERT
Kiribati,2018,GADM,SOUTH_TARAWA
Kiribati,2018,GADM,SOUTHERN_GILBERT
Kosovo,2019,MICS,Ferizaj
Kosovo,2019,MICS,Gjakova
Kosovo,2019,MICS,Gjilan
Kosovo,2019,MICS,Mitrovica
Kosovo,2019,MICS,Peja
Kosovo,2019,MICS,Prishtina
Kosovo,2019,MICS,Prizren
Lao People's Democratic Republic,2023,MICS,Attapeu
Lao People's Democratic Republic,2023,MICS,Bokeo
Lao People's Democratic Republic,2023,MICS,Borikhamxay
Lao People's Democratic Republic,2023,MICS,Champasack
Lao People's Democratic Republic,2023,MICS,Huaphanh
Lao People's Democratic Republic,2023,MICS,Khammua
Lao People's Democratic Republic,2023,MICS,Luangnamtha
Lao People's Democratic Republic,2023,MICS,Luangprabang
Lao People's Democratic Republic,2023,MICS,Oudomxay
Lao People's Democratic Republic,2023,MICS,Phongsaly
Lao People's Democratic Republic,2023,MICS,Saravane
Lao People's Democratic Republic,2023,MICS,Savannakhet
Lao People's Democratic Republic,2023,MICS,Sekong
Lao People's Democratic Republic,2023,MICS,Vientiane
Lao People's Democratic Republic,2023,MICS,Vientiane Capital
Lao People's Democratic Republic,2023,MICS,Xayabury
Lao People's Democratic Republic,2023,MICS,Xaysomboune
Lao People's Democratic Republic,2023,MICS,Xiengkhuang
Lesotho,2018,MICS,Berea
Lesotho,2018,MICS,Botha-Bothe
Lesotho,2018,MICS,Leribe
Lesotho,2018,MICS,Mafeteng
Lesotho,2018,MICS,Maseru
Lesotho,2018,MICS,Mohale's Hoek
Lesotho,2018,MICS,Mokhotlong
Lesotho,2018,MICS,Qacha's Nek
Lesotho,2018,MICS,Quthing
Lesotho,2018,MICS,Thaba-Tseka
Madagascar,2018,MICS,Alaotra Mangoro
Madagascar,2018,MICS,Amoron'I Mania
Madagascar,2018,MICS,Analamanga
Madagascar,2018,MICS,Analanjirofo
Madagascar,2018,MICS,Androy
Madagascar,2018,MICS,Anosy
Madagascar,2018,MICS,Atsimo Andrefana
Madagascar,2018,MICS,Atsimo Atsinanana
Madagascar,2018,MICS,Atsinanana
Madagascar,2018,MICS,Betsiboka
Madagascar,2018,MICS,Boeny
Madagascar,2018,MICS,Bongolava
Madagascar,2018,MICS,Diana
Madagascar,2018,MICS,Haute Matsiatra
Madagascar,2018,MICS,Ihorombe
Madagascar,2018,MICS,Itasy
Madagascar,2018,MICS,Melaky
Madagascar,2018,MICS,Menabe
Madagascar,2018,MICS,Sava
Madagascar,2018,MICS,Sofia
Madagascar,2018,MICS,Vakinankaratra
Madagascar,2018,MICS,Vatovavy Fitovinany
Malawi,2019,MICS,Balaka
Malawi,2019,MICS,Blantyre City
Malawi,2019,MICS,Blantyre Rural
Malawi,2019,MICS,Chikwawa
Malawi,2019,MICS,Chiradzulu
Malawi,2019,MICS,Chitipa
Malawi,2019,MICS,Dedza
Malawi,2019,MICS,Dowa
Malawi,2019,MICS,Karonga
Malawi,2019,MICS,Kasungu
Malawi,2019,MICS,Likoma
Malawi,2019,MICS,Lilongwe City
Malawi,2019,MICS,Lilongwe Rural
Malawi,2019,MICS,Machinga
Malawi,2019,MICS,Mangochi
Malawi,2019,MICS,Mchinji
Malawi,2019,MICS,Mulanje
Malawi,2019,MICS,Mwanza
Malawi,2019,MICS,Mzimba
Malawi,2019,MICS,Mzuzu City
Malawi,2019,MICS,Neno
Malawi,2019,MICS,Nkhata Bay
Malawi,2019,MICS,Nkhotakota
Malawi,2019,MICS,Nsanje
Malawi,2019,MICS,Ntcheu
Malawi,2019,MICS,Ntchisi
Malawi,2019,MICS,Phalombe
Malawi,2019,MICS,Rumphi
Malawi,2019,MICS,Salima
Malawi,2019,MICS,Thyolo
Malawi,2019,MICS,Zomba City
Malawi,2019,MICS,Zomba Rural
Malawi,2024,DHS,Balaka
Malawi,2024,DHS,Blantyre
Malawi,2024,DHS,Blantyre City
Malawi,2024,DHS,Chikwawa
Malawi,2024,DHS,Chiradzulu
Malawi,2024,DHS,Chitipa
Malawi,2024,DHS,Dedza
Malawi,2024,DHS,Dowa
Malawi,2024,DHS,Karonga
Malawi,2024,DHS,Kasungu
Malawi,2024,DHS,Likoma
Malawi,2024,DHS,Lilongwe
Malawi,2024,DHS,Lilongwe City
Malawi,2024,DHS,Machinga
Malawi,2024,DHS,Mangochi
Malawi,2024,DHS,Mchinji
Malawi,2024,DHS,Mulanje
Malawi,2024,DHS,Mwanza
Malawi,2024,DHS,Mzimba
Malawi,2024,DHS,Mzuzu City
Malawi,2024,DHS,Neno
Malawi,2024,DHS,Nkhatabay
Malawi,2024,DHS,Nkhotakota
Malawi,2024,DHS,Nsanje
Malawi,2024,DHS,Ntcheu
Malawi,2024,DHS,Ntchisi
Malawi,2024,DHS,Phalombe
Malawi,2024,DHS,Rumphi
Malawi,2024,DHS,Salima
Malawi,2024,DHS,Thyolo
Malawi,2024,DHS,Zomba
Malawi,2024,DHS,Zomba City
Mongolia,2018,GADM,CENTRAL
Mongolia,2018,GADM,EASTERN
Mongolia,2018,GADM,KHANGAI
Mongolia,2018,GADM,ULAANBAATAR
Mongolia,2018,GADM,WESTERN
Mozambique,2022,DHS,Cabo Delgado
Mozambique,2022,DHS,Gaza
Mozambique,2022,DHS,Inhambane
Mozambique,2022,DHS,Manica
Mozambique,2022,DHS,Maputo
Mozambique,2022,DHS,Maputo City
Mozambique,2022,DHS,Nampula
Mozambique,2022,DHS,Niassa
Mozambique,2022,DHS,Sofala
Mozambique,2022,DHS,Tete
Mozambique,2022,DHS,Zambezia
Nepal,2019,other,Bagmati
Nepal,2019,other,Gandaki
Nepal,2019,other,Karnali
Nepal,2019,other,Koshi
Nepal,2019,other,Lumbini
Nepal,2019,other,Madhesh
Nepal,2019,other,Sudur Paschim
Nepal,2024,other,Bagmati
Nepal,2024,other,Gandaki
Nepal,2024,other,Karnali
Nepal,2024,other,Koshi
Nepal,2024,other,Lumbini
Nepal,2024,other,Madhesh
Nepal,2024,other,Sudur Paschim
Nigeria,2016,MICS,Abia
Nigeria,2016,MICS,Adamawa
Nigeria,2016,MICS,Akwa Ibom
Nigeria,2016,MICS,Anambra
Nigeria,2016,MICS,Bauchi
Nigeria,2016,MICS,Bayelsa
Nigeria,2016,MICS,Benue
Nigeria,2016,MICS,Borno
Nigeria,2016,MICS,Cross River
Nigeria,2016,MICS,Delta
Nigeria,2016,MICS,Ebonyi
Nigeria,2016,MICS,Edo
Nigeria,2016,MICS,Ekiti
Nigeria,2016,MICS,Enugu
Nigeria,2016,MICS,FCT Abuja
Nigeria,2016,MICS,Gombe
Nigeria,2016,MICS,Imo
Nigeria,2016,MICS,Jigawa
Nigeria,2016,MICS,Kaduna
Nigeria,2016,MICS,Kano
Nigeria,2016,MICS,Katsina
Nigeria,2016,MICS,Kebbi
Nigeria,2016,MICS,Kogi
Nigeria,2016,MICS,Kwara
Nigeria,2016,MICS,Lagos
Nigeria,2016,MICS,Nasarawa
Nigeria,2016,MICS,Niger
Nigeria,2016,MICS,Ogun
Nigeria,2016,MICS,Ondo
Nigeria,2016,MICS,Osun
Nigeria,2016,MICS,Oyo
Nigeria,2016,MICS,Plateau
Nigeria,2016,MICS,Rivers
Nigeria,2016,MICS,Sokoto
Nigeria,2016,MICS,Taraba
Nigeria,2016,MICS,Yobe
Nigeria,2016,MICS,Zamfara
Pakistan,2017,GADM,Abbottabad
Pakistan,2017,GADM,Adam Khel
Pakistan,2017,GADM,Attok
Pakistan,2017,GADM,Awaran
Pakistan,2017,GADM,Badin
Pakistan,2017,GADM,Bagh
Pakistan,2017,GADM,Bahawalnagar
Pakistan,2017,GADM,Bahawalpur
Pakistan,2017,GADM,Bajaur
Pakistan,2017,GADM,Bannu
Pakistan,2017,GADM,Barkhan
Pakistan,2017,GADM,Battagram
Pakistan,2017,GADM,Bhakkar
Pakistan,2017,GADM,Bhimber
Pakistan,2017,GADM,Bhittani
Pakistan,2017,GADM,Bolan
Pakistan,2017,GADM,Buner
Pakistan,2017,GADM,Chagai
Pakistan,2017,GADM,Chakwal
Pakistan,2017,GADM,Charsadda
Pakistan,2017,GADM,Chilas
Pakistan,2017,GADM,Chitral
Pakistan,2017,GADM,Dadu
Pakistan,2017,GADM,Dera Bugti
Pakistan,2017,GADM,Dera Ghazi Kha
Pakistan,2017,GADM,Dera Ismail Khan
Pakistan,2017,GADM,Dir
Pakistan,2017,GADM,Disputed Area 1
Pakistan,2017,GADM,Disputed Area 2
Pakistan,2017,GADM,Faisalabad
Pakistan,2017,GADM,Ghotki
Pakistan,2017,GADM,Gilgit
Pakistan,2017,GADM,Gilgit (Tribal Territory)
Pakistan,2017,GADM,Gujarat
Pakistan,2017,GADM,Gujranwala
Pakistan,2017,GADM,Gujranwala 1
Pakistan,2017,GADM,Gujranwala 2
Pakistan,2017,GADM,Gujrat
Pakistan,2017,GADM,Gwadar
Pakistan,2017,GADM,Hafizabad
Pakistan,2017,GADM,Hangu
Pakistan,2017,GADM,Haripur
Pakistan,2017,GADM,Hyderabad
Pakistan,2017,GADM,Islamabad
Pakistan,2017,GADM,Jafarabad
Pakistan,2017,GADM,Jakobabad
Pakistan,2017,GADM,Jamshoro
Pakistan,2017,GADM,Jhal Magsi
Pakistan,2017,GADM,Jhang
Pakistan,2017,GADM,Jhelum
Pakistan,2017,GADM,Kalat
Pakistan,2017,GADM,Karachi Central
Pakistan,2017,GADM,Karachi East
Pakistan,2017,GADM,Karachi South
Pakistan,2017,GADM,Karachi west
Pakistan,2017,GADM,Karak
Pakistan,2017,GADM,Kargil
Pakistan,2017,GADM,Kashmore
Pakistan,2017,GADM,Kasur
Pakistan,2017,GADM,Kech
Pakistan,2017,GADM,Khairpur
Pakistan,2017,GADM,Khanewal
Pakistan,2017,GADM,Kharan
Pakistan,2017,GADM,Kholu
Pakistan,2017,GADM,Khushab
Pakistan,2017,GADM,Khuzdar
Pakistan,2017,GADM,Khyber
Pakistan,2017,GADM,Kohat
Pakistan,2017,GADM,Kohistan
Pakistan,2017,GADM,Kotli
Pakistan,2017,GADM,Kupwara (Gilgit Wazarat)
Pakistan,2017,GADM,Kurram
Pakistan,2017,GADM,Ladakh (Leh)
Pakistan,2017,GADM,Lahore
Pakistan,2017,GADM,Lakki Marwat
Pakistan,2017,GADM,Largha Shirani
Pakistan,2017,GADM,Larkana
Pakistan,2017,GADM,Lasbela
Pakistan,2017,GADM,Layyah
Pakistan,2017,GADM,Lodhran
Pakistan,2017,GADM,Loralai
Pakistan,2017,GADM,Malakand P.A.
Pakistan,2017,GADM,Malir
Pakistan,2017,GADM,Mansehra
Pakistan,2017,GADM,Mardan
Pakistan,2017,GADM,Mastung
Pakistan,2017,GADM,Matiari
Pakistan,2017,GADM,Mianwali
Pakistan,2017,GADM,Mirphurkhas
Pakistan,2017,GADM,Mirpur
Pakistan,2017,GADM,Mithi
Pakistan,2017,GADM,Mohmand
Pakistan,2017,GADM,Multan
Pakistan,2017,GADM,Musakhel
Pakistan,2017,GADM,Muzaffarabad
Pakistan,2017,GADM,Muzaffargarh
Pakistan,2017,GADM,N. Waziristan
Pakistan,2017,GADM,Nankana Sahib
Pakistan,2017,GADM,Narowal 1
Pakistan,2017,GADM,Narowal 2
Pakistan,2017,GADM,Nasirabad
Pakistan,2017,GADM,Naushahro Firoz
Pakistan,2017,GADM,Nawab Shah
Pakistan,2017,GADM,Neelum
Pakistan,2017,GADM,Nowshera
Pakistan,2017,GADM,Okara
Pakistan,2017,GADM,Okara 1
Pakistan,2017,GADM,Orakzai
Pakistan,2017,GADM,Pakpattan
Pakistan,2017,GADM,Panjgur
Pakistan,2017,GADM,Peshawar
Pakistan,2017,GADM,Pishin
Pakistan,2017,GADM,Poonch
Pakistan,2017,GADM,Qilla Abdullah
Pakistan,2017,GADM,Qilla Saifullah
Pakistan,2017,GADM,Quetta
Pakistan,2017,GADM,Rahimyar Khan
Pakistan,2017,GADM,Rajan Pur
Pakistan,2017,GADM,Rann of Kutch
Pakistan,2017,GADM,Rawalpindi
Pakistan,2017,GADM,S. Waziristan
Pakistan,2017,GADM,Sahiwal
Pakistan,2017,GADM,Sanghar
Pakistan,2017,GADM,Sargodha
Pakistan,2017,GADM,Shangla
Pakistan,2017,GADM,Sheikhupura
Pakistan,2017,GADM,Shikarpur
Pakistan,2017,GADM,Sialkot
Pakistan,2017,GADM,Sibi
Pakistan,2017,GADM,Sudhnati
Pakistan,2017,GADM,Sukkur
Pakistan,2017,GADM,Swabi
Pakistan,2017,GADM,Swat
Pakistan,2017,GADM,Tando Allahyar
Pakistan,2017,GADM,Tando M. Khan
Pakistan,2017,GADM,Tank
Pakistan,2017,GADM,Thatta
Pakistan,2017,GADM,Toba Tek Singh
Pakistan,2017,GADM,Umerkot
Pakistan,2017,GADM,Vehari
Pakistan,2017,GADM,Zhob
Pakistan,2017,GADM,Ziarat
Pakistan,2018,other,Abbottabad
Pakistan,2018,other,Astore
Pakistan,2018,other,Attock
Pakistan,2018,other,Awaran
Pakistan,2018,other,Badin
Pakistan,2018,other,Bagh
Pakistan,2018,other,Bahawalnagar
Pakistan,2018,other,Bahawalpur
Pakistan,2018,other,Bajaur
Pakistan,2018,other,Bannu
Pakistan,2018,other,Barkhan
Pakistan,2018,other,Batagram
Pakistan,2018,other,Bhakkar
Pakistan,2018,other,Bhimber
Pakistan,2018,other,Buner
Pakistan,2018,other,Central Karachi
Pakistan,2018,other,Chagai
Pakistan,2018,other,Chakwal
Pakistan,2018,other,Chaman
Pakistan,2018,other,Charsadda
Pakistan,2018,other,Chiniot
Pakistan,2018,other,Chitral Lower
Pakistan,2018,other,Chitral Upper
Pakistan,2018,other,D. I. Khan
Pakistan,2018,other,Dadu
Pakistan,2018,other,Darel
Pakistan,2018,other,Dera Bugti
Pakistan,2018,other,Dera Ghazi Khan
Pakistan,2018,other,Diamir
Pakistan,2018,other,Duki
Pakistan,2018,other,East Karachi
Pakistan,2018,other,Faisalabad
Pakistan,2018,other,Ghanche
Pakistan,2018,other,Ghizer
Pakistan,2018,other,Ghotki
Pakistan,2018,other,Gilgit
Pakistan,2018,other,Gujranwala
Pakistan,2018,other,Gujrat
Pakistan,2018,other,Gupis-Yasin
Pakistan,2018,other,Gwadar
Pakistan,2018,other,Hafizabad
Pakistan,2018,other,Hangu
Pakistan,2018,other,Haripur
Pakistan,2018,other,Harnai
Pakistan,2018,other,Haveli
Pakistan,2018,other,Hunza
Pakistan,2018,other,Hyderabad
Pakistan,2018,other,Islamabad
Pakistan,2018,other,Jacobabad
Pakistan,2018,other,Jaffarabad
Pakistan,2018,other,Jamshoro
Pakistan,2018,other,Jhal Magsi
Pakistan,2018,other,Jhang
Pakistan,2018,other,Jhelum
Pakistan,2018,other,Jhelum Valley
Pakistan,2018,other,Kachhi
Pakistan,2018,other,Kalat
Pakistan,2018,other,Kambar Shahdad Kot
Pakistan,2018,other,Karak
Pakistan,2018,other,Kashmore
Pakistan,2018,other,Kasur
Pakistan,2018,other,Kech
Pakistan,2018,other,Khairpur
Pakistan,2018,other,Khanewal
Pakistan,2018,other,Kharan
Pakistan,2018,other,Kharmang
Pakistan,2018,other,Khushab
Pakistan,2018,other,Khuzdar
Pakistan,2018,other,Khyber
Pakistan,2018,other,Killa Abdullah
Pakistan,2018,other,Killa Saifullah
Pakistan,2018,other,Kohat
Pakistan,2018,other,Kohistan Lower
Pakistan,2018,other,Kohistan Upper
Pakistan,2018,other,Kohlu
Pakistan,2018,other,Kolai Palas Kohistan
Pakistan,2018,other,Korangi Karachi
Pakistan,2018,other,Kotli
Pakistan,2018,other,Kurram
Pakistan,2018,other,Lahore
Pakistan,2018,other,Lakki Marwat
Pakistan,2018,other,Larkana
Pakistan,2018,other,Lasbela
Pakistan,2018,other,Lehri
Pakistan,2018,other,Leiah
Pakistan,2018,other,Lodhran
Pakistan,2018,other,Loralai
Pakistan,2018,other,Lower Dir
Pakistan,2018,other,Malakand
Pakistan,2018,other,Malir Karachi
Pakistan,2018,other,Mandi Bahauddin
Pakistan,2018,other,Mansehra
Pakistan,2018,other,Mardan
Pakistan,2018,other,Mastung
Pakistan,2018,other,Matiari
Pakistan,2018,other,Mianwali
Pakistan,2018,other,Mirpur
Pakistan,2018,other,Mirpur Khas
Pakistan,2018,other,Mohmand
Pakistan,2018,other,Multan
Pakistan,2018,other,Musakhel
Pakistan,2018,other,Muzaffarabad
Pakistan,2018,other,Muzaffargarh
Pakistan,2018,other,Nagar
Pakistan,2018,other,Nankana Sahib
Pakistan,2018,other,Narowal
Pakistan,2018,other,Nasirabad
Pakistan,2018,other,Naushahro Feroze
Pakistan,2018,other,Neelum
Pakistan,2018,other,North Waziristan
Pakistan,2018,other,Nowshera
Pakistan,2018,other,Nushki
Pakistan,2018,other,Okara
Pakistan,2018,other,Orakzai
Pakistan,2018,other,Pakpattan
Pakistan,2018,other,Panjgur
Pakistan,2018,other,Peshawar
Pakistan,2018,other,Pishin
Pakistan,2018,other,Poonch
Pakistan,2018,other,Quetta
Pakistan,2018,other,Rahim Yar Khan
Pakistan,2018,other,Rajanpur
Pakistan,2018,other,Rawalpindi
Pakistan,2018,other,Rondu
Pakistan,2018,other,Sahiwal
Pakistan,2018,other,Sanghar
Pakistan,2018,other,Sargodha
Pakistan,2018,other,Shaheed Benazir Abad
Pakistan,2018,other,Shaheed Sikandarabad
Pakistan,2018,other,Shangla
Pakistan,2018,other,Sheikhupura
Pakistan,2018,other,Sherani
Pakistan,2018,other,Shigar
Pakistan,2018,other,Shikarpur
Pakistan,2018,other,Sialkot
Pakistan,2018,other,Sibi
Pakistan,2018,other,Skardu
Pakistan,2018,other,Sohbatpur
Pakistan,2018,other,South Karachi
Pakistan,2018,other,South Waziristan
Pakistan,2018,other,Sudhnoti
Pakistan,2018,other,Sujawal
Pakistan,2018,other,Sukkur
Pakistan,2018,other,Swabi
Pakistan,2018,other,Swat
Pakistan,2018,other,Tando Allahyar
Pakistan,2018,other,Tando Muhammad Khan
Pakistan,2018,other,Tangir
Pakistan,2018,other,Tank
Pakistan,2018,other,Tharparkar
Pakistan,2018,other,Thatta
Pakistan,2018,other,Toba Tek Singh
Pakistan,2018,other,Tor Ghar
Pakistan,2018,other,Umer Kot
Pakistan,2018,other,Upper Dir
Pakistan,2018,other,Vehari
Pakistan,2018,other,Washuk
Pakistan,2018,other,West Karachi
Pakistan,2018,other,Zhob
Pakistan,2018,other,Ziarat
Palestina,2019,GADM,Bethlehem
Palestina,2019,GADM,Deir Al-Balah
Palestina,2019,GADM,Gaza
Palestina,2019,GADM,Gaza ash Shamaliyah
Palestina,2019,GADM,Hebron
Palestina,2019,GADM,Jenin
Palestina,2019,GADM,Jericho
Palestina,2019,GADM,Jerusalem
Palestina,2019,GADM,Khan Yunis
Palestina,2019,GADM,Nablus
Palestina,2019,GADM,Qalqilya
Palestina,2019,GADM,Rafah
Palestina,2019,GADM,Ramallah and Al-Bireh
Palestina,2019,GADM,Salfit
Palestina,2019,GADM,Tubas
Palestina,2019,GADM,Tulkarm
Paraguay,2016,GADM,Alto Paraguay
Paraguay,2016,GADM,Alto Paraná
Paraguay,2016,GADM,Asunción
Paraguay,2016,GADM,Boquerón
Paraguay,2016,GADM,Caaguazú
Paraguay,2016,GADM,Central
Paraguay,2016,GADM,Itapúa
Paraguay,2016,GADM,Resto
Paraguay,2016,GADM,San Pedro
Samoa,2019,GADM,SAVAII
Samoa,2019,GADM,UPOLU
São Tomé and Príncipe,2019,GADM,Príncipe
São Tomé and Príncipe,2019,GADM,REGIAO_NORTE_OESTE
São Tomé and Príncipe,2019,GADM,REGIAO_SUL_ESTE
São Tomé and Príncipe,2019,GADM,São Tomé
Sierra Leone,2017,MICS,Bo
Sierra Leone,2017,MICS,Bombali
Sierra Leone,2017,MICS,Bonthe
Sierra Leone,2017,MICS,Kailahun
Sierra Leone,2017,MICS,Kambia
Sierra Leone,2017,MICS,Kenema
Sierra Leone,2017,MICS,Koinadugu
Sierra Leone,2017,MICS,Kono
Sierra Leone,2017,MICS,Moyamba
Sierra Leone,2017,MICS,Port Loko
Sierra Leone,2017,MICS,Pujehun
Sierra Leone,2017,MICS,Tonkolili
Sierra Leone,2017,MICS,Western Area Rural
Sierra Leone,2017,MICS,Western Area Urban
Suriname,2018,GADM,Brokopondo
Suriname,2018,GADM,Commewijne
Suriname,2018,GADM,Coronie
Suriname,2018,GADM,Marowijne
Suriname,2018,GADM,Nickerie
Suriname,2018,GADM,Para
Suriname,2018,GADM,Paramaribo
Suriname,2018,GADM,Saramacca
Suriname,2018,GADM,Sipaliwini
Suriname,2018,GADM,Wanica
Togo,2017,GADM,Centrale
Togo,2017,GADM,Kara
Togo,2017,GADM,Lomé Commune/Golfe Urbain
Togo,2017,GADM,Maritime
Togo,2017,GADM,Plateaux
Togo,2017,GADM,Savanes
Tonga,2019,GADM,'Eua
Tonga,2019,GADM,Ha'apai
Tonga,2019,GADM,Niuas
Tonga,2019,GADM,Tongatapu
Tonga,2019,GADM,Vava'u
Tunisia,2023,GADM,TUNISIA_CENTRE_EST
Tunisia,2023,GADM,TUNISIA_CENTRE_OUEST
Tunisia,2023,GADM,TUNISIA_DISTRICT_TUNIS
Tunisia,2023,GADM,TUNISIA_NORD_EST
Tunisia,2023,GADM,TUNISIA_NORD_OUEST
Tunisia,2023,GADM,TUNISIA_SUD_EST
Tunisia,2023,GADM,TUNISIA_SUD_OUEST
Tuvalu,2019,GADM,Funafuti
Tuvalu,2019,GADM,Nanumanga
Tuvalu,2019,GADM,Nanumea
Tuvalu,2019,GADM,Niulakita
Tuvalu,2019,GADM,Niutao
Tuvalu,2019,GADM,Nui
Tuvalu,2019,GADM,Nukufetau
Tuvalu,2019,GADM,Nukulaelae
Tuvalu,2019,GADM,Vaitupu
Vanuatu,2023,GADM,Malampa
Vanuatu,2023,GADM,Penama
Vanuatu,2023,GADM,Sanma
Vanuatu,2023,GADM,Shefa
Vanuatu,2023,GADM,Tafea
Vanuatu,2023,GADM,Torba
Vietnam,2020,GADM,CENTRAL_HIGHLANDS
Vietnam,2020,GADM,MEKONG_RIVER_DELTA
Vietnam,2020,GADM,NORTH_CENTRAL_AND_COASTAL
Vietnam,2020,GADM,NORTHERN_MIDLANDS_AND_MOUNTAIN
Vietnam,2020,GADM,RED_RIVER_DELTA
Vietnam,2020,GADM,SOUTH_EAST
Zimbabwe,2019,MICS,Bulawayo
Zimbabwe,2019,MICS,Harare
Zimbabwe,2019,MICS,Manicaland
Zimbabwe,2019,MICS,Mashonaland Central
Zimbabwe,2019,MICS,Mashonaland East
Zimbabwe,2019,MICS,Mashonaland West
Zimbabwe,2019,MICS,Masvingo
Zimbabwe,2019,MICS,Matabeleland North
Zimbabwe,2019,MICS,Matabeleland South
Zimbabwe,2019,MICS,Midlands
