country,HH7_region
Algeria,HAUT PLATEAU CENTRE
Algeria,HAUT PLATEAU EST
Algeria,HAUT PLATEAU OUEST
Algeria,NORD CENTRE
Algeria,NORD EST
Algeria,NORD OUEST Algeria
Algeria,SUD
Azerbaijan,ABSHERON-KHIZI
Azerbaijan,BAKU
Azerbaijan,CENTRAL ARAN
Azerbaijan,DAGHLIG SHIRVAN
Azerbaijan,GANJA-DASHKASAN
Azerbaijan,GAZAKH-TOVUZ
Azerbaijan,GUBA-KHACHMAZ
Azerbaijan,KARABAKH
Azerbaijan,LANKARAN-ASTARA
Azerbaijan,MIL-MUGHAN
Azerbaijan,NAKHCHIVAN AR
Azerbaijan,SHAKI-ZAGATALA
Azerbaijan,SHIRVAN-SALYAN
Bangladesh,Barishal
Bangladesh,Chattogram
Bangladesh,Dhaka
Bangladesh,Khulna
Bangladesh,Mymenshing
Bangladesh,Rajshahi
Bangladesh,Rangpur
Bangladesh,Sylhet
Benin,ALIBORI
Benin,ATACORA
Benin,ATLANTIQUE
Benin,BORGOU
Benin,COLLINES
Benin,COUFFO
Benin,DONGA
Benin,LITTORAL
Benin,MONO
Benin,OUEME
Benin,PLATEAU
Benin,ZOU
Central African Republic,Région 1
Central African Republic,Région 2
Central African Republic,Région 3
Central African Republic,Région 4
Central African Republic,Région 5
Central African Republic,Région 6
Central African Republic,Région 7
Chad,Barh El Gazal
Chad,Batha
Chad,Borkou
Chad,Chari Baguirmi
Chad,Ennedi Est
Chad,Ennedi Ouest
Chad,Guera
Chad,Hadjer Lamis
Chad,Kanem
Chad,Lac
Chad,Logone Occidental
Chad,Logone Oriental
Chad,Mandoul
Chad,Mayo Kebbi Est
Chad,Mayo Kebbi Ouest
Chad,Moyen Chari
Chad,Ndjamena
Chad,Ouadda?
Chad,Salamat
Chad,Sila
Chad,Tandjile
Chad,Wadi Fira
Côte d'Ivoire,Abidjan
Côte d'Ivoire,Bas Sassandra
Côte d'Ivoire,Comoe
Côte d'Ivoire,Denguele
Côte d'Ivoire,Goh-Djiboua
Côte d'Ivoire,Lacs
Côte d'Ivoire,Lagunes
Côte d'Ivoire,Montagnes
Côte d'Ivoire,Sassandra-Marahoue
Côte d'Ivoire,Savanes
Côte d'Ivoire,Vallee du bandama
Côte d'Ivoire,Woroba
Côte d'Ivoire,Yamoussoukro
Côte d'Ivoire,Zanzan
Dominican Republic,CIBAO NORDESTE
Dominican Republic,CIBAO NOROESTE
Dominican Republic,CIBAO NORTE
Dominican Republic,CIBAO SUR
Dominican Republic,EL VALLE
Dominican Republic,ENRIQUILLO
Dominican Republic,HIGUAMO
Dominican Republic,OZAMA
Dominican Republic,VALDESIA
Dominican Republic,YUMA
DR Congo,Bas Uele
DR Congo,Equateur
DR Congo,Haut Katanga
DR Congo,Haut Lomami
DR Congo,Haut Uele
DR Congo,Ituri
DR Congo,Kasai
DR Congo,Kasai Central
DR Congo,Kasai Oriental
DR Congo,Kinshasa
DR Congo,Kongo Central
DR Congo,Kwango
DR Congo,Kwilu
DR Congo,Lomami
DR Congo,Lualaba
DR Congo,Maindombe
DR Congo,Maniema
DR Congo,Mongala
DR Congo,Nord Kivu
DR Congo,Nord Ubangi
DR Congo,Sankuru
DR Congo,Sud Kivu
DR Congo,Sud Ubangi
DR Congo,Tanganyika
DR Congo,Tshopo
DR Congo,Tshuapa
Eswatini,HHOHHO
Eswatini,LUBOMBO
Eswatini,MANZINI
Eswatini,SHISELWENI
Fiji,CENTRAL
Fiji,EASTERN
Fiji,NORTHERN
Fiji,WESTERN
Gambia,Banjul
Gambia,Basse
Gambia,Brikama
Gambia,Janjanbureh
Gambia,Kanifing
Gambia,Kerewan
Gambia,Kuntaur
Gambia,Mansakonko
Georgia,ADJARA A.R.
Georgia,GURIA
Georgia,IMERETI
Georgia,KHAKHETI
Georgia,KVEMO KARTLI
Georgia,MTKHETA-MTIANETI
Georgia,SAMEGRELO-ZEMO SVANETI
Georgia,SAMTSKHE-JAVAKHETI
Georgia,SHIDA KARTLI
Georgia,TBILISI
Ghana,ASHANTI
Ghana,BRONG AHAFO
Ghana,CENTRAL
Ghana,EASTERN
Ghana,GREATER ACCRA
Ghana,NORTHERN
Ghana,UPPER EAST
Ghana,UPPER WEST
Ghana,VOLTA
Ghana,WESTERN
Guinea Bissau,Bafatá
Guinea Bissau,Biombo
Guinea Bissau,Bolama/Bijagós
Guinea Bissau,Cacheu
Guinea Bissau,Gabú
Guinea Bissau,Oio
Guinea Bissau,Quinara
Guinea Bissau,SAB
Guinea Bissau,Tombali
Guyana,BARIMA-WAINI
Guyana,CUYUNI-MAZARUNI
Guyana,DEMERARA-MAHAICA
Guyana,EAST BERBICE-CORENTYNE
Guyana,ESSEQUIBO ISLANDS-WEST DEMERARA
Guyana,MAHAICA-BERBICE
Guyana,POMEROON-SUPENAAM
Guyana,POTARO-SIPARUNI
Guyana,UPPER DEMERARA-BERBICE
Guyana,UPPER TAKUTU-UPPER ESSEQUIBO
Honduras,ATLANTIDA
Honduras,CHOLUTECA
Honduras,COLON
Honduras,COMAYAGUA
Honduras,COPAN
Honduras,CORTES
Honduras,DISTRITO CENTRAL
Honduras,EL PARAISO
Honduras,FRANCISCO MORAZAN
Honduras,GRACIAS A DIOS
Honduras,INTIBUCA
Honduras,ISLAS DE LA BAHIA
Honduras,LA PAZ
Honduras,LEMPIRA
Honduras,OCOTEPEQUE
Honduras,OLANCHO
Honduras,SAN PEDRO SULA
Honduras,SANTA BARBARA
Honduras,VALLE
Honduras,YORO
Iraq,ANBAR
Iraq,BABIL
Iraq,BAGHDAD
Iraq,BASRAH
Iraq,DIALA
Iraq,DUHOK
Iraq,ERBIL
Iraq,KARBALAH
Iraq,KIRKUK
Iraq,MISAN
Iraq,MUTHANA
Iraq,NAINAWA
Iraq,NAJAF
Iraq,QADISYAH
Iraq,SALAHADDIN
Iraq,SULAIMANIYA
Iraq,THIQAR
Iraq,WASIT
Kiribati,CENTRAL GILBERT
Kiribati,LINE AND PHOENIX GROUP
Kiribati,NORTHERN GILBERT
Kiribati,SOUTH TARAWA
Kiribati,SOUTHERN GILBERT
Kosovo,FERIZAJ
Kosovo,GJAKOVA
Kosovo,GJILAN
Kosovo,MITROVICA
Kosovo,PEJA
Kosovo,PRISHTINA
Kosovo,PRIZREN
Lao PDR,ATTAPEU
Lao PDR,BOKEO
Lao PDR,BORIKHAMXAY
Lao PDR,CHAMPASACK
Lao PDR,HUAPHANH
Lao PDR,KHAMMUAN
Lao PDR,LUANGNAMTHA
Lao PDR,LUANGPRABANG
Lao PDR,OUDOMXAY
Lao PDR,PHONGSALY
Lao PDR,SARAVANE
Lao PDR,SAVANNAKHET
Lao PDR,SEKONG
Lao PDR,VIENTIANE
Lao PDR,VIENTIANE CAPITAL
Lao PDR,XAYABURY
Lao PDR,XAYSOMBOUN
Lao PDR,XIENGKHUANG
Lesotho,BEREA
Lesotho,BOTHA-BOTHE
Lesotho,LERIBE
Lesotho,MAFETENG
Lesotho,MASERU
Lesotho,MOHALES HOEK
Lesotho,MOKHOTLONG
Lesotho,QACHAS NEK
Lesotho,QUTHING
Lesotho,THABA-TSEKA
Madagascar,ALAOTRA MANGORO
Madagascar,AMORON'I MANIA
Madagascar,ANALAMANGA
Madagascar,ANALANJIROFO
Madagascar,ANDROY
Madagascar,ANOSY
Madagascar,ATSIMO ANDREFANA
Madagascar,ATSIMO ATSINANANA
Madagascar,ATSINANANA
Madagascar,BETSIBOKA
Madagascar,BOENY
Madagascar,BONGOLAVA
Madagascar,DIANA
Madagascar,HAUTE MATSIATRA
Madagascar,IHOROMBE
Madagascar,ITASY
Madagascar,MELAKY
Madagascar,MENABE
Madagascar,SAVA
Madagascar,SOFIA
Madagascar,VAKINANKARATRA
Madagascar,VATOVAVY FITOVINANY
Malawi,Balaka
Malawi,Blantyre
Malawi,Blantyre City
Malawi,Chikwawa
Malawi,Chiradzulu
Malawi,Chitipa
Malawi,Dedza
Malawi,Dowa
Malawi,Dowa (Camps)
Malawi,Karonga
Malawi,Kasungu
Malawi,Likoma
Malawi,Lilongwe
Malawi,Lilongwe City
Malawi,Machinga
Malawi,Mangochi
Malawi,Mchinji
Malawi,Mulanje
Malawi,Mwanza
Malawi,Mzimba
Malawi,Mzuzu City
Malawi,Neno
Malawi,Nkhata Bay
Malawi,Nkhotakota
Malawi,Nsanje
Malawi,Ntcheu
Malawi,Ntchisi
Malawi,Phalombe
Malawi,Rumphi
Malawi,Salima
Malawi,Thyolo
Malawi,Zomba
Malawi,Zomba City
Mongolia,Central
Mongolia,Eastern
Mongolia,Khangai
Mongolia,Ulaanbaatar
Mongolia,Western
Mozambique,Cabo Delgado
Mozambique,Cidade de Maputo
Mozambique,Gaza
Mozambique,Inhambane
Mozambique,Manica
Mozambique,Maputo
Mozambique,Nampula
Mozambique,Niassa
Mozambique,Sofala
Mozambique,Tete
Mozambique,Zambézia
Nepal,Bagmati
Nepal,Gandaki
Nepal,Karnali
Nepal,Koshi
Nepal,Lumbini
Nepal,Madhesh
Nepal,Sudurpashchim
Nigeria,Abia
Nigeria,Adamawa
Nigeria,Akwa Ibom
Nigeria,Anambra
Nigeria,Bauchi
Nigeria,Bayelsa
Nigeria,Benue
Nigeria,Borno
Nigeria,Cross River
Nigeria,Delta
Nigeria,Ebonyi
Nigeria,Edo
Nigeria,Ekiti
Nigeria,Enugu
Nigeria,FCT Abuja
Nigeria,Gombe
Nigeria,Imo
Nigeria,Jigawa
Nigeria,Kaduna
Nigeria,Kano
Nigeria,Katsina
Nigeria,Kebbi
Nigeria,Kogi
Nigeria,Kwara
Nigeria,Lagos
Nigeria,Nasarawa
Nigeria,Niger
Nigeria,Ogun
Nigeria,Ondo
Nigeria,Osun
Nigeria,Oyo
Nigeria,Plateau
Nigeria,Rivers
Nigeria,Sokoto
Nigeria,Taraba
Nigeria,Yobe
Nigeria,Zamfara
Pakistan Balochistan,Awaran
Pakistan Balochistan,Barkhan
Pakistan Balochistan,Chaghi
Pakistan Balochistan,Dera Bugti
Pakistan Balochistan,Gwadar
Pakistan Balochistan,Harnai
Pakistan Balochistan,Jaffarabad
Pakistan Balochistan,Jhal Magsi
Pakistan Balochistan,Kachhi (Bolan)
Pakistan Balochistan,Kalat
Pakistan Balochistan,Kech (Turbat)
Pakistan Balochistan,Kharan
Pakistan Balochistan,Khuzdar
Pakistan Balochistan,Killa Abdullah
Pakistan Balochistan,Killa Saifullah
Pakistan Balochistan,Kohlu
Pakistan Balochistan,Lasbela
Pakistan Balochistan,Lehri
Pakistan Balochistan,Loralai
Pakistan Balochistan,Mastung
Pakistan Balochistan,Musakhel
Pakistan Balochistan,Nasirabad
Pakistan Balochistan,Nushki
Pakistan Balochistan,Panjgur
Pakistan Balochistan,Pishin
Pakistan Balochistan,Quetta
Pakistan Balochistan,Sheerani
Pakistan Balochistan,Sibbi
Pakistan Balochistan,SohbatPur
Pakistan Balochistan,Washuk
Pakistan Balochistan,Zhob
Pakistan Balochistan,Ziarat
Pakistan Khyber Pakhtunkhwa,Abbotabad
Pakistan Khyber Pakhtunkhwa,Bajor
Pakistan Khyber Pakhtunkhwa,Bannu
Pakistan Khyber Pakhtunkhwa,Batagram
Pakistan Khyber Pakhtunkhwa,Buner
Pakistan Khyber Pakhtunkhwa,Charsadda
Pakistan Khyber Pakhtunkhwa,Chitral
Pakistan Khyber Pakhtunkhwa,Dera Ismail Khan
Pakistan Khyber Pakhtunkhwa,Hangu
Pakistan Khyber Pakhtunkhwa,Hari Pur
Pakistan Khyber Pakhtunkhwa,Karak
Pakistan Khyber Pakhtunkhwa,Khyber
Pakistan Khyber Pakhtunkhwa,Kohat
Pakistan Khyber Pakhtunkhwa,Kohistan
Pakistan Khyber Pakhtunkhwa,Kuram
Pakistan Khyber Pakhtunkhwa,Laki Marwat
Pakistan Khyber Pakhtunkhwa,Lower Dir
Pakistan Khyber Pakhtunkhwa,Malakand
Pakistan Khyber Pakhtunkhwa,Mansehra
Pakistan Khyber Pakhtunkhwa,Mardan
Pakistan Khyber Pakhtunkhwa,Mohmind
Pakistan Khyber Pakhtunkhwa,North Waziristan
Pakistan Khyber Pakhtunkhwa,Nowshehra
Pakistan Khyber Pakhtunkhwa,Orakzai
Pakistan Khyber Pakhtunkhwa,Peshawar
Pakistan Khyber Pakhtunkhwa,Shangla
Pakistan Khyber Pakhtunkhwa,South Waziristan
Pakistan Khyber Pakhtunkhwa,Swabi
Pakistan Khyber Pakhtunkhwa,Swat
Pakistan Khyber Pakhtunkhwa,Tank
Pakistan Khyber Pakhtunkhwa,Torghar
Pakistan Khyber Pakhtunkhwa,Upper Dir
Pakistan Punjab,Attock
Pakistan Punjab,Bahawalnagar
Pakistan Punjab,Bahawalpur
Pakistan Punjab,Bhakkar
Pakistan Punjab,Chakwal
Pakistan Punjab,Chiniot
Pakistan Punjab,DG Khan
Pakistan Punjab,Faisalabad
Pakistan Punjab,Gujranwala
Pakistan Punjab,Gujrat
Pakistan Punjab,Hafizabad
Pakistan Punjab,Jhang
Pakistan Punjab,Jhelum
Pakistan Punjab,Kasur
Pakistan Punjab,Khanewal
Pakistan Punjab,Khushab
Pakistan Punjab,Lahore
Pakistan Punjab,Layyah
Pakistan Punjab,Lodhran
Pakistan Punjab,Mandi Bahauddin
Pakistan Punjab,Mianwali
Pakistan Punjab,Multan
Pakistan Punjab,Muzaffargarh
Pakistan Punjab,Nankana Sahib
Pakistan Punjab,Narowal
Pakistan Punjab,Okara
Pakistan Punjab,Pakpattan
Pakistan Punjab,Rajanpur
Pakistan Punjab,Rawalpindi
Pakistan Punjab,RY Khan
Pakistan Punjab,Sahiwal
Pakistan Punjab,Sargodha
Pakistan Punjab,Sheikhupura
Pakistan Punjab,Sialkot
Pakistan Punjab,TT Singh
Pakistan Punjab,Vehari
Paraguay,Alto Paraguay
Paraguay,Alto Paraná
Paraguay,Asunción
Paraguay,Boquerón
Paraguay,Caaguazú
Paraguay,Central Paraguay
Paraguay,Itapúa
Paraguay,Resto
Paraguay,San Pedro
Samoa,SAVAII
Samoa,UPOLU
Sao Tome and Principe,REGIÃO AUTÓNOMA DO PRÍNCIPE
Sao Tome and Principe,REGIÃO NORTE OESTE
Sao Tome and Principe,REGIÃO SUL ESTE
Sao Tome and Principe,São Tomé
Sierra Leone,BO
Sierra Leone,BOMBALI
Sierra Leone,BONTHE
Sierra Leone,KAILAHUN
Sierra Leone,KAMBIA
Sierra Leone,KENEMA
Sierra Leone,KOINADUGU
Sierra Leone,KONO
Sierra Leone,MOYAMBA
Sierra Leone,PORT LOKO
Sierra Leone,PUJEHUN
Sierra Leone,TONKOLILI
Sierra Leone,WESTERN AREA RURAL
Sierra Leone,WESTERN AREA URBAN
Suriname,BROKOPONDO
Suriname,COMMEWIJNE
Suriname,CORONIE
Suriname,MAROWIJNE
Suriname,NICKERIE
Suriname,PARA
Suriname,PARAMARIBO
Suriname,SARAMACCA
Suriname,SIPALIWINI
Suriname,WANICA
Togo,Centrale
Togo,Kara
Togo,Lomé Commune/Golfe Urbain
Togo,Maritime
Togo,Plateaux
Togo,Savanes
Tonga,'EUA
Tonga,HA'APAI
Tonga,ONGO NIUA
Tonga,TONGATAPU
Tonga,VAVA'U
Tunisia,CENTRE EST
Tunisia,CENTRE OUEST
Tunisia,DISTRICT TUNIS
Tunisia,NORD EST
Tunisia,NORD OUEST Tunisia
Tunisia,SUD EST
Tunisia,SUD OUEST
Tuvalu,Funafuti
Tuvalu,Nanumaga
Tuvalu,Nanumea
Tuvalu,Niutao
Tuvalu,Nui
Tuvalu,Nukufetau
Tuvalu,Vaitupu
Vanuatu,MALAMPA
Vanuatu,PENAMA
Vanuatu,SANMA
Vanuatu,SHEFA
Vanuatu,TAFEA
Vanuatu,TORBA
Vietnam,CENTRAL HIGHLANDS
Vietnam,MEKONG RIVER DELTA
Vietnam,NORTH CENTRAL AND CENTRAL COASTAL
Vietnam,NORTHERN MIDLANDS AND MOUNTAIN
Vietnam,RED RIVER DELTA
Vietnam,SOUTH EAST
West Bank and Gaza,Ariha & Al Aghwar
West Bank and Gaza,Bethlehem
West Bank and Gaza,Deir Al-balah
West Bank and Gaza,Gaza
West Bank and Gaza,Hebron
West Bank and Gaza,Jenin
West Bank and Gaza,Jerusalem
West Bank and Gaza,Khan Yunis
West Bank and Gaza,Nablus
West Bank and Gaza,North Gaza
West Bank and Gaza,Qalqilia
West Bank and Gaza,Rafah
West Bank and Gaza,Ramallah & Al bireh
West Bank and Gaza,Salfit
West Bank and Gaza,Tubas & Northen Valley
West Bank and Gaza,Tulkarm
Zimbabwe,Bulawayo
Zimbabwe,Harare
Zimbabwe,Manicaland
Zimbabwe,Mashonaland Central
Zimbabwe,Mashonaland East
Zimbabwe,Mashonaland West
Zimbabwe,Masvingo
Zimbabwe,Matabeleland North
Zimbabwe,Matabeleland South
Zimbabwe,Midlands
