Country Name,Download Boundaries,Admin level,Standard DHS,Other,Year,Regions,Phase,GPS*,Back-up,Downloaded,
Afghanistan,1,1,1,,2015,34,DHS-7,0,0,,
Albania,1,1,1,,2017-18,12,DHS-7,1,0,,
Angola,1,1,1,,2023-24,18,DHS-8,1,0,,
Angola,0,1,1,,2015-16,18,DHS-7,1,1,,
Armenia,1,1,1,,2015-16,11,DHS-7,1,0,,
Bangladesh,1,1,1,,2022,8,DHS-8,1,0,,
Bangladesh,0,1,1,,2017-18,8,DHS-7,1,1,,
Benin,1,1,1,,2017-18,12,DHS-7,1,1,,
Bolivia,1,"1,2",1,,2008,9,DHS-V,1,1,,
Burkina Faso,1,1,1,,2021,13,DHS-8,1,0,,
Burundi,1,1,1,,2016-17,18,DHS-7,1,0,,
Cambodia,1,1,1,,2021-22,25,DHS-8,1,0,,
Cambodia,0,1,1,,2014,19,DHS-7,1,1,,
Cameroon,1,1,0,MIS,2022,12,DHS-8,1,0,,
Cameroon,0,1,1,,2018,12,DHS-7,1,1,,
Central African Republic,0,1,1,,1994-95,6,DHS-III,1,1,,
Chad,1,1,1,,2014-15,21,DHS-7,1,1,,
Colombia,1,1,1,,2015,33,DHS-7,1,0,,
Comoros,0,1,1,,2012,3,DHS-VI,1,1,,
Congo Democratic Republic,1,1,1,,2023-24,26,DHS-8,1,0,,
Cote d'Ivoire,1,1,1,,2021,14,DHS-8,1,0,,
Dominican Republic,0,1,1,,2013,9,DHS-VI,1,1,,
Egypt,0,1,1,,2014,25,DHS-VI,1,1,,
Eswatini,0,NA,1,,2006-07,NA,DHS-V,1,1,,
Ethiopia,1,1,1,,2019,11,DHS-7,1,0,,
Ethiopia,1,1,0,Interin DHS,2021-22,12,DHS-8,1,1,,
Gabon,1,1,1,,2019-20,11,DHS-7,1,0,1,
Ghana,1,1,1,,2022,16,DHS-8,1,0,,
Ghana,0,1,0,MIS,2019,10,DHS-8,1,1,,
Ghana,0,1,0,MIS,2016,10,DHS-7,1,1,,
Guatemala,1,"1,2",1,,2014-15,8,DHS-7,1,0,,
Guinea,1,1,0,MIS,2021,8,DHS-8,1,0,,
Guinea,1,1,1,,2018,8,DHS-7,1,1,,
Guyana,0,1,1,,2009,10,DHS-V,1,1,,
Haiti,1,1,1,,2016-17,11,DHS-7,1,0,,
Honduras,0,1,1,,2011-12,20,DHS-VI,1,1,,
India,1,1,1,,2019-21,36,DHS-7,1,0,,
Indonesia,1,1,1,,2017,34,DHS-7,0,0,,
Indonesia,0,1,1,,2002-03,26,DHS-IV,1,1,,
Jordan,1,"1,2",1,,2023,12,DHS-8,1,0,,
Jordan,0,"1,2",1,,2017,12,DHS-7,1,1,,
Kenya,1,1,1,,2022,47,DHS-8,1,0,,
Kenya,0,1,0,MIS,2015,5,DHS-7,1,1,,
Kyrgyz Republic,0,1,1,,2012,9,DHS-VI,1,1,,
Lesotho,1,1,1,,2023-24,10,DHS-8,1,0,,
Lesotho,0,"1,2",1,,2014,10,DHS-7,1,1,,
Liberia,1,1,0,MIS,2022,6,DHS-8,1,0,,
Liberia,1,"1,2",1,,2019-20,5,DHS-7,1,1,,
Madagascar,1,1,1,,2021,23,DHS-8,1,0,,
Madagascar,0,"1,2",0,MIS,2016,6,DHS-7,1,1,,
Malawi,1,"1,2",1,,2024,28,DHS-8,1,0,,
Malawi,0,1,0,MIS,2017,3,DHS-7,1,1,,
Maldives,1,1,1,,2016-17,6,DHS-7,0,0,,
Mali,1,1,1,,2023-24,9,DHS-8,1,0,,
Mali,0,1,1,,2018,9,DHS-7,1,1,,
Mauritania,1,1,1,,2019-20,14,DHS-7,1,0,,
Moldova,0,1,1,,2005,4,DHS-V,1,1,,
Morocco,0,1,1,,2003-04,15,DHS-IV,1,1,,
Mozambique,1,1,1,,2022-23,11,DHS-8,1,0,,
Myanmar,1,1,1,,2015-16,15,DHS-7,1,0,,
Namibia,0,1,1,,2013,13,DHS-VI,1,1,,
Nepal,1,"1,2",1,,2022,7,DHS-8,1,0,,
Nepal,0,"1,2,3",1,,2016,7,DHS-7,1,1,,
Niger,1,1,0,MIS,2021,8,DHS-8,1,0,,
Nigeria,1,"1,2",1,,2024,37,DHS-8,1,0,,
Nigeria,0,"1,2",1,,2018,37,DHS-7,1,1,,
Pakistan,1,1,1,,2017-18,8,DHS-7,1,0,,
Papua New Guinea,1,"1,2",1,,2016-18,22,DHS-7,0,0,,
Peru,0,"1,2",0,Continuous DHS,2012,24,DHS-VI,1,1,,
Philippines,1,1,1,,2022,17,DHS-8,1,0,,
Philippines,0,1,1,,2017,17,DHS-7,1,1,,
Rwanda,1,1,1,,2019-20,5,DHS-8,1,0,,
Rwanda,0,1,0,MIS,2014-15,5,DHS-7,1,1,,
Senegal,1,1,0,Continuous DHS,2023,14,DHS-8,1,0,,
Senegal,0,1,0,Continuous DHS,2017,14,DHS-7,1,1,,
Sierra Leone,1,"1,2",1,,2019,16,DHS-7,1,0,,
South Africa,1,1,1,,2016,9,DHS-7,1,0,,
Tajikistan,1,1,1,,2023,5,DHS-8,1,0,,
Tajikistan,0,1,1,,2017,5,DHS-7,1,1,,
Tanzania,1,"1,2",1,,2022,31,DHS-8,1,0,,
Tanzania,0,"1,2",0,MIS,2017,30,DHS-7,1,1,,
The Gambia,1,1,1,,2019-20,8,DHS-8,1,0,,
Timor-Leste,1,1,1,,2016,13,DHS-7,1,0,,
Togo,1,1,0,MIS,2017,6,DHS-7,1,1,,
Turkey,NA,NA,1,,2018,NA,DHS-7,0,1,,
Uganda,1,1,0,MIS,2024-25,15,DHS-9,1,0,,
Uganda,1,1,0,MIS,2018-19,15,DHS-7,1,1,,
Uzbekistan,0,1,0,Health Examination Survey,2002,5,DHS-IV,1,1,,
Zambia,1,1,1,,2024,10,DHS-8,1,0,,
Zambia,0,1,1,,2018,10,DHS-7,1,1,,
Zimbabwe,0,1,1,,2015,10,DHS-7,1,1,,
,,,,,,,,,,,
,,,,,,,,,,,
Summary,,,,,,,,,,,
Boundaries to download,55,,,,,,,,,,
Number of priorities to download,47,,,,,,,,,,
Number of back-ups to download,8,,,,,,,,,,
,,,,,,,,,,,
Note: in cases where surveys are representative and boundaries are available at more than 1 level select the level with the higherst number of devisions (highest resolution).,,,,,,,,,,,