"country_survey","region_survey","gadm_level","country_gadm","region_gadm","dist","fuzzy_flag"
"Azerbaijan","ABSHERON-KHIZI",1,"Azerbaijan","Absheron",0.142857142857143,"review_needed"
"Azerbaijan","BAKU",2,"Azerbaijan","Bakı",0.166666666666667,"review_needed"
"Azerbaijan","CENTRAL ARAN",2,"Azerbaijan","Neftçala",0.251984126984127,"weak_fuzzy_candidate"
"Azerbaijan","DAGHLIG SHIRVAN",1,"Azerbaijan","Daglig-Shirvan",0.0936507936507937,"strong_fuzzy_candidate"
"Azerbaijan","GANJA-DASHKASAN",1,"Azerbaijan","Ganja-Qazakh",0.2,"weak_fuzzy_candidate"
"Azerbaijan","GAZAKH-TOVUZ",2,"Azerbaijan","Qazax",0.383333333333333,"weak_fuzzy_candidate"
"Azerbaijan","GUBA-KHACHMAZ",1,"Azerbaijan","Quba-Khachmaz",0.0512820512820513,"strong_fuzzy_candidate"
"Azerbaijan","KARABAKH",1,"Azerbaijan","Kalbajar-Lachin",0.290873015873016,"weak_fuzzy_candidate"
"Azerbaijan","LANKARAN-ASTARA",1,"Azerbaijan","Lankaran",0.155555555555556,"review_needed"
"Azerbaijan","MIL-MUGHAN",1,"Azerbaijan","Daglig-Shirvan",0.338095238095238,"weak_fuzzy_candidate"
"Azerbaijan","NAKHCHIVAN AR",1,"Azerbaijan","Nakhchivan",0.076923076923077,"strong_fuzzy_candidate"
"Azerbaijan","SHAKI-ZAGATALA",1,"Azerbaijan","Shaki-Zaqatala",0.0476190476190477,"strong_fuzzy_candidate"
"Azerbaijan","SHIRVAN-SALYAN",2,"Azerbaijan","Naftalan",0.329365079365079,"weak_fuzzy_candidate"
"Democratic Republic of the Congo","Maindombe",1,"Democratic Republic of the Congo","Maï-Ndombe",0.0333333333333334,"strong_fuzzy_candidate"
"Laos","ATTAPEU",1,"Laos","Attapu",0.0476190476190477,"strong_fuzzy_candidate"
"Laos","BORIKHAMXAY",1,"Laos","Bolikhamxai",0.121212121212121,"review_needed"
"Laos","CHAMPASACK",2,"Laos","Champassack",0.0303030303030303,"strong_fuzzy_candidate"
"Laos","HUAPHANH",1,"Laos","Houaphan",0.0833333333333334,"strong_fuzzy_candidate"
"Laos","KHAMMUAN",1,"Laos","Khammouan",0.0370370370370371,"strong_fuzzy_candidate"
"Laos","LUANGNAMTHA",1,"Laos","Louang Namtha",0.0512820512820513,"strong_fuzzy_candidate"
"Laos","LUANGPRABANG",1,"Laos","Louangphrabang",0.0476190476190477,"strong_fuzzy_candidate"
"Laos","LUANGPRABANG",2,"Laos","Louangphrabang",0.0476190476190477,"strong_fuzzy_candidate"
"Laos","OUDOMXAY",1,"Laos","Oudômxai",0.0833333333333334,"strong_fuzzy_candidate"
"Laos","SEKONG",1,"Laos","Xékong",0.111111111111111,"review_needed"
"Laos","VIENTIANE CAPITAL",1,"Laos","Vientiane",0.156862745098039,"review_needed"
"Laos","XIENGKHUANG",1,"Laos","Xiangkhoang",0.121212121212121,"review_needed"
"Pakistan","Abbotabad",3,"Pakistan","Abbottabad",0.0333333333333334,"strong_fuzzy_candidate"
"Pakistan","Bajor",3,"Pakistan","Bajaur",0.177777777777778,"review_needed"
"Pakistan","Batagram",3,"Pakistan","Battagram",0.0370370370370371,"strong_fuzzy_candidate"
"Pakistan","Chaghi",3,"Pakistan","Chagai",0.111111111111111,"review_needed"
"Pakistan","Hari Pur",3,"Pakistan","Haripur",0.0416666666666667,"strong_fuzzy_candidate"
"Pakistan","Harnai",3,"Pakistan","Kharan",0.177777777777778,"review_needed"
"Pakistan","Jaffarabad",3,"Pakistan","Jafarabad",0.0333333333333334,"strong_fuzzy_candidate"
"Pakistan","Kachhi (Bolan)",3,"Pakistan","Karachi Central",0.253703703703704,"weak_fuzzy_candidate"
"Pakistan","Kech (Turbat)",3,"Pakistan","Kech",0.212121212121212,"weak_fuzzy_candidate"
"Pakistan","Killa Abdullah",3,"Pakistan","Qilla Abdullah",0.0476190476190477,"strong_fuzzy_candidate"
"Pakistan","Killa Saifullah",3,"Pakistan","Qilla Saifullah",0.0444444444444445,"strong_fuzzy_candidate"
"Pakistan","Kohlu",3,"Pakistan","Kholu",0.0666666666666668,"strong_fuzzy_candidate"
"Pakistan","Kuram",3,"Pakistan","Kurram",0.0555555555555556,"strong_fuzzy_candidate"
"Pakistan","Laki Marwat",3,"Pakistan","Lakki Marwat",0.0277777777777779,"strong_fuzzy_candidate"
"Pakistan","Lehri",3,"Pakistan","Vehari",0.177777777777778,"review_needed"
"Pakistan","Lower Dir",3,"Pakistan","Loralai",0.328042328042328,"weak_fuzzy_candidate"
"Pakistan","Mohmind",3,"Pakistan","Mohmand",0.0952380952380952,"strong_fuzzy_candidate"
"Pakistan","North Waziristan",3,"Pakistan","N. Waziristan",0.194444444444445,"review_needed"
"Pakistan","Nowshehra",3,"Pakistan","Nowshera",0.0370370370370371,"strong_fuzzy_candidate"
"Pakistan","Nushki",3,"Pakistan","Naushahro Firoz",0.277777777777778,"weak_fuzzy_candidate"
"Pakistan","Sheerani",3,"Pakistan","Nowshera",0.25,"weak_fuzzy_candidate"
"Pakistan","Sibbi",2,"Pakistan","Sibi",0.0666666666666668,"strong_fuzzy_candidate"
"Pakistan","Sibbi",3,"Pakistan","Sibi",0.0666666666666668,"strong_fuzzy_candidate"
"Pakistan","SohbatPur",3,"Pakistan","Haripur",0.243386243386243,"weak_fuzzy_candidate"
"Pakistan","South Waziristan",3,"Pakistan","S. Waziristan",0.208333333333333,"weak_fuzzy_candidate"
"Pakistan","Torghar",3,"Pakistan","Sanghar",0.285714285714286,"weak_fuzzy_candidate"
"Pakistan","Upper Dir",3,"Pakistan","Buner",0.355555555555556,"weak_fuzzy_candidate"
"Pakistan","Washuk",3,"Pakistan","Kasur",0.3,"weak_fuzzy_candidate"
"Tunisia","CENTRE EST",2,"Tunisia","Es Sers",0.328571428571429,"weak_fuzzy_candidate"
"Tunisia","CENTRE OUEST",2,"Tunisia","Ben Arous",0.260582010582011,"weak_fuzzy_candidate"
"Tunisia","DISTRICT TUNIS",2,"Tunisia","Sidi Hassine",0.337301587301587,"weak_fuzzy_candidate"
"Tunisia","NORD EST",2,"Tunisia","Radès",0.233333333333333,"weak_fuzzy_candidate"
"Tunisia","NORD OUEST",2,"Tunisia","Radès",0.266666666666667,"weak_fuzzy_candidate"
"Tunisia","SUD EST",2,"Tunisia","Sfax Ouest",0.261904761904762,"weak_fuzzy_candidate"
"Tunisia","SUD OUEST",2,"Tunisia","Sfax Ouest",0.174074074074074,"review_needed"
"Tuvalu","Nanumaga",1,"Tuvalu","Nanumanga",0.0370370370370371,"strong_fuzzy_candidate"
